{"cameraMode":{"drawMode":0,"name":"Shaded","section":"Shading Mode"},"sceneLighting":false,"audioPlay":false,"sceneViewState":{"m_AlwaysRefresh":false,"showFog":true,"showSkybox":true,"showFlares":true,"showImageEffects":true,"showParticleSystems":true,"showVisualEffectGraphs":true,"m_FxEnabled":true},"in2DMode":false,"pivot":{"x":912.8372192382813,"y":840.5643310546875,"z":-1861.4752197265625},"rotation":{"x":0.10956583172082901,"y":0.028338532894849778,"z":-0.0030256870668381454,"w":0.9937307238578796},"size":81.39410400390625,"orthographic":false}