{"cameraMode":{"drawMode":0,"name":"Shaded","section":"Shading Mode"},"sceneLighting":false,"audioPlay":false,"sceneViewState":{"m_AlwaysRefresh":false,"showFog":true,"showSkybox":false,"showFlares":true,"showImageEffects":true,"showParticleSystems":true,"showVisualEffectGraphs":true,"m_FxEnabled":true},"in2DMode":false,"pivot":{"x":3.7135426998138429,"y":2.4406824111938478,"z":-1.7356663942337037},"rotation":{"x":-0.14560876786708833,"y":0.5646752119064331,"z":-0.10218111425638199,"w":-0.8060895204544067},"size":0.8660253882408142,"orthographic":false}